{"cameraMode":{"drawMode":0,"name":"Shaded","section":"Shading Mode"},"sceneLighting":false,"audioPlay":false,"sceneViewState":{"showFog":true,"showMaterialUpdate":false,"showSkybox":false,"showFlares":true,"showImageEffects":true,"showParticleSystems":true},"in2DMode":false,"pivot":{"x":-0.5225279331207275,"y":0.03788262605667114,"z":1.5741466283798218},"rotation":{"x":0.10752514004707337,"y":-0.6027594208717346,"z":0.08242165297269821,"w":0.7863419651985169},"size":2.541658639907837,"orthographic":false}